Branch_Code,Branch_name,Address,Head_Office,Branch_Details,City_Name,Bank_Code
CQHI738299,Henderson-Owens,"65133 Amanda Dam
Whitemouth, IA 10381",Morton-Chase,Cross-platform actuating projection,North Sarabury,UDAX433218
FNPP360260,Phillips Inc,"500 Shaw Walk
North Susan, CO 24857",Larson Ltd,Front-line impactful capability,New Brooke,UDAX433218
TCNV998543,Smith PLC,"Unit 1183 Box 8425
DPO AE 32519",Mitchell-Kim,Quality-focused tertiary framework,Lake Lisaport,CGSW537672
VDEI118244,Davis Group,"52427 Hoffman Creek
Lake Rebeccaside, AZ 48894","Tran, Jordan and Williams",Multi-lateral 6thgeneration help-desk,Lake John,XORD618495
DLYR692322,"Rodriguez, Brennan and Garrison","4330 Raymond Harbors Apt. 458
Frazierside, MA 04118",Wiley LLC,Enhanced optimal firmware,North Candacestad,XORD618495
XZKN981693,Jones-Beck,"148 Estrada Islands Suite 482
South Elizabeth, MS 89278","Orr, Gilbert and Turner",Reactive 24hour framework,Jasonshire,XORD618495
TUKO773872,Drake and Sons,"9176 Jennifer Lights
Rossberg, SD 90629",Stafford Inc,Vision-oriented interactive definition,Port Susan,UDAX433218
QOBR317278,Merritt-Manning,"48734 Jones Heights Apt. 455
East Edwardfurt, UT 20529","Lewis, Perry and Rivera",Persistent intangible approach,Port Robert,CCXP182278
YSWA967054,Graham-Johnson,"272 Rebecca Ramp Apt. 162
Whiteview, MS 43407",Gibson LLC,Virtual homogeneous focus group,Kingland,UDAX433218
PAXR053100,"Wilson, Gould and Marshall","99124 Beth Inlet Suite 631
North Heidi, ME 90188","Trujillo, Hogan and Knight",Balanced grid-enabled monitoring,Stanleyland,CCXP182278
