Emp_Id,Emp_name,Mobile_no,Address
PCQY882237,Anthony Terry,001-234-795-6479x9846,"496 Nicole Plains Apt. 097
East Randall, DE 07145"
RBSE616620,Erin Wade,265.255.7512x47640,"8682 Vega Knolls Apt. 665
Markberg, HI 34145"
JICY899740,Cynthia Flores,501.870.3630x9442,"508 Anthony Rest
Julieborough, KY 88053"
SASY619797,Jack Lynch,704.950.7356x74809,"405 Donald Meadows
East Jenniferview, KY 19786"
UZBZ315892,Darren Elliott,377.848.6759x514,"08829 Buchanan Pike
Hortonview, CT 75284"
NFHU326058,Christine Sweeney,330.966.2931x518,"2655 Perry Plaza
South Sarahbury, DC 60816"
XEHU717989,Rebecca Good,848-970-8477x95417,"818 Megan Summit
South Willie, MI 76940"
CKPT089458,Jessica Harris,8203761239,"518 Eric Port
Booneville, NY 18040"
ZAUP066901,Jasmine Lawson,534.786.4970,"7896 Wendy Field Suite 570
Ramosville, WI 22889"
ZVGD555057,Nancy Black,001-344-604-5883x114,"123 Rosales Flat
Nicholsmouth, DE 43007"
UYMY891097,Lori Howard,844.567.9403x66401,"USNV Castillo
FPO AA 66827"
VGDL975729,Breanna Gallegos,785-642-3324x16518,"0734 Norton Vista Suite 462
West Juliashire, MI 71905"
JUCU749161,Jennifer Arnold,+1-941-934-4760x9483,"286 Beck Garden
Port Sarah, AS 20366"
NULX099621,Wanda Gutierrez,402-456-3420,"9980 Rachel Fords
Stantonside, IN 55679"
PLTX017791,Christopher Sanchez,(817)546-5642x601,"3199 Moss Row
Englishmouth, MI 76869"
YFUF776414,Felicia Brown,001-234-644-8672x2883,"14546 Nathaniel Orchard
Bettyborough, FL 47372"
CDIW978879,David Simpson,(561)383-0858x00187,"1143 Olson Loop
Lake Dale, AS 02438"
PZRC871096,Joshua Monroe,(569)233-1542,"30286 Davila Spurs
Reneetown, TX 43288"
EFJX114206,Lacey Smith,(563)438-2222x4005,"56201 Melissa Crescent
West Amanda, IL 29812"
SDGH252861,Daniel Lopez,(544)697-6024x9866,"953 Christensen Roads
Weberbury, KY 87253"
SRUU529735,Andrea Freeman,(725)538-0966x4147,"47466 Estrada Junction Apt. 896
Port Cynthia, WI 76075"
RKXH243679,Melissa Barnes,783.854.3468,"1682 Cunningham Ramp
New Charlene, FM 72115"
ZVCN153811,Daniel Anderson Jr.,001-420-814-8967x808,"21463 Logan Mills
Whiteview, MP 19395"
XSUF645633,Robert Baker,+1-811-526-6497x19670,"101 Rodriguez Keys
North Richardbury, OK 79358"
IXSB133344,Roger Gardner,001-341-301-6793x014,"910 Melinda Shoal Apt. 028
Castanedaville, MO 71842"
BXCT903421,Christine Gonzalez MD,001-779-917-9138x601,"1321 Howe Viaduct
East Kevinmouth, TN 01065"
FQRZ141128,Karen Hicks,364.863.9138x1074,"32154 Charles Freeway Apt. 535
South Candicechester, TN 24820"
MCNR455252,Ana Zimmerman,001-889-694-8856,"05195 Hayes Shore
Clarkstad, WI 66674"
JEFO172662,Andrew Carter,+1-341-230-6862x4087,"8904 Todd Plain Apt. 076
East Walter, DE 16454"
LZVF232822,Christopher Lee,+1-399-540-0410x847,"135 Margaret Trail
Jamesmouth, FL 22092"
YUQS206415,Joshua York,7414945341,"447 Marsh Heights
New Benjamin, CO 84591"
QVRT306357,Rodney Oliver,001-774-936-9905x585,"084 Barbara Street Apt. 696
Lake Kennethberg, NC 80158"
ZRNA610656,Fernando Wallace,436-781-4980,"437 Gilbert Estates
Phillipsport, NH 65892"
FKZZ084232,Michael Parker,001-255-836-9158x5574,"602 Martin Mission Apt. 333
New Laura, TX 79115"
JLFH158286,Stephen Williamson,472-217-4292,"8215 Brittany Lodge Suite 937
South Jeffreyberg, GU 47025"
YBGD392804,Amber Ray,+1-233-259-3797x1900,"1622 Bennett Stravenue Suite 718
Michaelport, AL 95802"
OSTZ230453,James Alexander,937-801-9453x9117,"Unit 6505 Box 2761
DPO AE 03974"
ZSFR157806,Mark Frazier,306.776.3532x237,"68485 Walker Parks
North Justinberg, PA 41338"
GABA375398,Matthew Shaw,(869)732-7841x7837,"82011 Contreras Burgs Suite 526
Carterchester, NV 29379"
LCZE724553,Debbie Alexander,496-722-4945x1046,"296 Reyes Isle Apt. 206
Port Seth, MT 93688"
PFTH509793,Richard Watson,6227347780,"Unit 9725 Box 1840
DPO AA 03676"
GHUT821478,Mitchell Foster,(370)463-6328x6301,"08484 Paul Glen
East Victoria, IL 55926"
OVSM082896,Stephanie Mcdowell,+1-620-785-6490x132,"350 Chris Isle
Peterfort, MI 70047"
WWWU080388,Austin Sullivan,751.735.3814x83747,"90168 James Mission
South Marymouth, OH 34876"
BCTB271698,Jean Pollard,461.819.9767x59833,"505 Nicholas Glens
Dawnland, OR 46084"
NKOW285353,Charles Mcdonald,001-575-280-1584x66879,"28532 White Throughway
Jordanside, AS 85350"
HIKC502528,Teresa Smith,001-972-907-3827,"84252 Delgado Loaf
North Kimberly, AR 01630"
OCEC024234,Manuel Reilly,001-861-899-7165x965,"0996 James Tunnel Suite 009
Edwinport, DC 88904"
MVWL379322,Michael Mendoza,760.215.7911,"16260 William Dale
Baileyshire, VT 27886"
VIOK978335,Drew Powell,001-514-463-8664,"72665 Kimberly Divide
Philipmouth, KS 78127"
